sample,norm
1000,6.6332495807108
2000,5.196152422706632
3000,5.0
4000,4.795831523312719
5000,4.0
6000,3.1622776601683795
